Trace_ID,Phase,Scenario_Tuple,Primary_Intent,Completeness,Interaction_Pattern,User_Behavior,User_Query,Bot_Response_Preview,Action_Taken,Mode_Detected,Success,Error,Open_Code_Notes,Overall_Success
A001,A,"(shop_info, complete_upfront, single_turn, cooperative)",shop_info,complete_upfront,single_turn,cooperative,"""Hi there! Could you please tell me your store hours and location? I'm planning to visit soon and want to make sure I have the details right. Thanks!""","Hey there! That's awesome to hear you're planning to visit JO's Bike Shop ‚Äì we can't wait to have you roll in! üö≤üîß Our shop is located at 456 Pedal Lane in beautiful Portland, OR 97201.

As for our sto",shop_info,shop_info,1,,,
A002,A,"(shop_info, complete_upfront, single_turn, cooperative)",shop_info,complete_upfront,single_turn,cooperative,"""Hi there! Could you please tell me your store hours and location? I'm planning to visit sometime soon. Thanks!""","Absolutely, greetings fellow rider! üö¥‚Äç‚ôÇÔ∏èüåü JO's Bike Shop is located at 456 Pedal Lane in beautiful Portland, OR 97201. You can easily reach us at (503) 555-BIKE or shoot us an email at info@josbikesho",shop_info,shop_info,1,,,
A003,A,"(policy_question, complete_upfront, single_turn, distracted)",policy_question,complete_upfront,single_turn,distracted,"""Hey, I was wondering if you could tell me about your return policy on bikes? I got a call, can you hold on a sec?""","Of course! Our return policy on bikes is as follows: if you are not satisfied with your purchase, you may return the bike within 30 days for a full refund. The bike must be in its original condition a",policy_question,policy_question,1,,,
A004,A,"(policy_question, complete_upfront, single_turn, distracted)",policy_question,complete_upfront,single_turn,distracted,"""Hey, sorry I might have missed it but could you tell me if there's a return policy for bikes if they're not quite what I expected? Like within a certain timeframe or something?""","Of course! Our shop has a 30-day return policy for bikes that are not quite what you expected. Just be sure to keep the original packaging and proof of purchase. If you have any other questions, feel ",policy_question,policy_question,1,,,
A005,A,"(recall_booking, complete_upfront, single_turn, cooperative)",recall_booking,complete_upfront,single_turn,cooperative,"Hi there! I scheduled a tune-up for my mountain bike under the name Alex Johnson for this Saturday at 10 AM. Could you confirm the booking for me, please?",I don't see any completed bookings in our current conversation. Would you like to book an appointment?,recall_booking,recall_booking,1,,,
A006,A,"(recall_booking, complete_upfront, single_turn, cooperative)",recall_booking,complete_upfront,single_turn,cooperative,Hi there! I have a bike tune-up appointment booked for this Saturday at 10 AM under the name Sarah Thompson. Can you please confirm the details for me? Thanks!,I don't see any completed bookings in our current conversation. Would you like to book an appointment?,recall_booking,recall_booking,1,,,
A007,A,"(what_can_you_do, no_info, single_turn, conversational)",what_can_you_do,no_info,single_turn,conversational,Hey there! Could you tell me what you can help with at your bike shop?,"I'm here to help you with JO's Bike Shop! I can assist you with:

‚Ä¢ **Shop Information** - Opening hours, location, and contact details

‚Ä¢ **Product Inquiries** - Available bikes, accessories, and pro",what_can_you_do,what_can_you_do,1,,,
A008,A,"(what_can_you_do, no_info, single_turn, conversational)",what_can_you_do,no_info,single_turn,conversational,Hey there! What kind of things can you help me with today?,"I'm here to help you with JO's Bike Shop! I can assist you with:

‚Ä¢ **Shop Information** - Opening hours, location, and contact details

‚Ä¢ **Product Inquiries** - Available bikes, accessories, and pro",what_can_you_do,what_can_you_do,1,,,
A009,A,"(policy_question, no_info, single_turn, canceling)",policy_question,no_info,single_turn,canceling,Can I cancel my bike order if I've changed my mind?,"Our shop policy allows for cancellations within 24 hours of placing your order. If you have changed your mind after this time period, please contact us as soon as possible to discuss your options. Tha",policy_question,policy_question,1,,,
A010,A,"(policy_question, no_info, single_turn, canceling)",policy_question,no_info,single_turn,canceling,Can you tell me about your return policy?,"Certainly! Our return policy allows for returns within 30 days of purchase, as long as the item is in its original condition and packaging. We offer full refunds or exchanges for any defective or dama",policy_question,policy_question,1,,,
